{
  "ckpt": "models/diffusion_od_medium_12km_failed_dense_debug/best.pt",
  "step": 5000,
  "val_loss": 0.002527637034897149,
  "profile": "medium",
  "config": "configs/diffusion_12km.yaml",
  "n_samples": 48,
  "num_inference_steps": 50,
  "seed": 42,
  "guidance_scales": [
    0.0,
    0.5,
    1.0,
    1.5,
    2.0
  ],
  "real_val_nonzero_ratio": 0.0026415094339622643,
  "results": [
    {
      "guidance_scale": 0.0,
      "real_val_nonzero_ratio": 0.0026415094339622643,
      "gen_nonzero_ratio": 0.06806433190933903,
      "gen_cont_nonzero_ratio": 0.9539982348403939,
      "gen_min": 0.0,
      "gen_max": 11.0,
      "gen_mean": 0.06866159368695858,
      "row_sum_ks_stat": 0.10200471698113212,
      "col_sum_ks_stat": 0.11025943396226412,
      "real_row_sum_mean": 1.5723270440251573,
      "real_row_sum_std": 3.3485594753130594,
      "gen_row_sum_mean": 36.39064465408805,
      "gen_row_sum_std": 123.88266026004781,
      "real_col_sum_mean": 1.5723270440251573,
      "real_col_sum_std": 4.377611162555039,
      "gen_col_sum_mean": 36.39064465408805,
      "gen_col_sum_std": 124.08611393036344,
      "sampling_seconds": 148.0467779636383,
      "has_nan": false
    },
    {
      "guidance_scale": 0.5,
      "real_val_nonzero_ratio": 0.0026415094339622643,
      "gen_nonzero_ratio": 0.12916036252521657,
      "gen_cont_nonzero_ratio": 0.9590905719710454,
      "gen_min": 0.0,
      "gen_max": 12.0,
      "gen_mean": 0.12971794529488548,
      "row_sum_ks_stat": 0.16018081761006292,
      "col_sum_ks_stat": 0.1630110062893082,
      "real_row_sum_mean": 1.5723270440251573,
      "real_row_sum_std": 3.3485594753130594,
      "gen_row_sum_mean": 68.75051100628932,
      "gen_row_sum_std": 172.79252285596027,
      "real_col_sum_mean": 1.5723270440251573,
      "real_col_sum_std": 4.377611162555039,
      "gen_col_sum_mean": 68.75051100628932,
      "gen_col_sum_std": 172.95952937273938,
      "sampling_seconds": 154.22110533714294,
      "has_nan": false
    },
    {
      "guidance_scale": 1.0,
      "real_val_nonzero_ratio": 0.0026415094339622643,
      "gen_nonzero_ratio": 0.21445806633440134,
      "gen_cont_nonzero_ratio": 0.9801128070487718,
      "gen_min": 0.0,
      "gen_max": 11.0,
      "gen_mean": 0.21496744096356948,
      "row_sum_ks_stat": 0.2799528301886792,
      "col_sum_ks_stat": 0.2852987421383647,
      "real_row_sum_mean": 1.5723270440251573,
      "real_row_sum_std": 3.3485594753130594,
      "gen_row_sum_mean": 113.93274371069182,
      "gen_row_sum_std": 206.97633663742675,
      "real_col_sum_mean": 1.5723270440251573,
      "real_col_sum_std": 4.377611162555039,
      "gen_col_sum_mean": 113.93274371069182,
      "gen_col_sum_std": 207.09982894240932,
      "sampling_seconds": 83.23892331123352,
      "has_nan": false
    },
    {
      "guidance_scale": 1.5,
      "real_val_nonzero_ratio": 0.0026415094339622643,
      "gen_nonzero_ratio": 0.32880206479174084,
      "gen_cont_nonzero_ratio": 0.9885372166844666,
      "gen_min": 0.0,
      "gen_max": 11.0,
      "gen_mean": 0.32932271270914915,
      "row_sum_ks_stat": 0.37437106918238994,
      "col_sum_ks_stat": 0.38352987421383644,
      "real_row_sum_mean": 1.5723270440251573,
      "real_row_sum_std": 3.3485594753130594,
      "gen_row_sum_mean": 174.54103773584905,
      "gen_row_sum_std": 242.55519983469253,
      "real_col_sum_mean": 1.5723270440251573,
      "real_col_sum_std": 4.377611162555039,
      "gen_col_sum_mean": 174.54103773584905,
      "gen_col_sum_std": 242.62986887177436,
      "sampling_seconds": 147.19810461997986,
      "has_nan": false
    },
    {
      "guidance_scale": 2.0,
      "real_val_nonzero_ratio": 0.0026415094339622643,
      "gen_nonzero_ratio": 0.4419961136822119,
      "gen_cont_nonzero_ratio": 0.998683027767889,
      "gen_min": 0.0,
      "gen_max": 10.0,
      "gen_mean": 0.44263869111190224,
      "row_sum_ks_stat": 0.482311320754717,
      "col_sum_ks_stat": 0.4886006289308176,
      "real_row_sum_mean": 1.5723270440251573,
      "real_row_sum_std": 3.3485594753130594,
      "gen_row_sum_mean": 234.59850628930818,
      "gen_row_sum_std": 258.4150403204244,
      "real_col_sum_mean": 1.5723270440251573,
      "real_col_sum_std": 4.377611162555039,
      "gen_col_sum_mean": 234.59850628930818,
      "gen_col_sum_std": 258.4822232083862,
      "sampling_seconds": 153.31037425994873,
      "has_nan": false
    }
  ]
}