{
  "eval_episodes": 64,
  "k_select": 10,
  "mean_coverage": 0.4322613282112788,
  "std_coverage": 0.005372020619647735,
  "min_coverage": 0.4167080661909097,
  "max_coverage": 0.4394225721784777,
  "unique_selected_sequences": 6,
  "first_selected_candidates": [
    155,
    448,
    256,
    250,
    307,
    38,
    75,
    557,
    405,
    174
  ],
  "best_scenario": {
    "scenario_idx": 62,
    "coverage_ratio": 0.4394225721784777,
    "selected_candidates": [
      155,
      448,
      256,
      250,
      307,
      38,
      75,
      557,
      405,
      174
    ]
  },
  "worst_scenario": {
    "scenario_idx": 44,
    "coverage_ratio": 0.4167080661909097,
    "selected_candidates": [
      0,
      201,
      494,
      256,
      307,
      38,
      363,
      502,
      75,
      404
    ]
  },
  "runtime_s": 0.999,
  "selected_candidates_per_scenario": [
    [
      155,
      448,
      256,
      250,
      307,
      38,
      75,
      557,
      405,
      174
    ],
    [
      155,
      448,
      256,
      250,
      307,
      38,
      75,
      557,
      405,
      174
    ],
    [
      155,
      448,
      256,
      250,
      307,
      38,
      75,
      557,
      405,
      174
    ],
    [
      155,
      448,
      256,
      250,
      307,
      38,
      75,
      557,
      405,
      174
    ],
    [
      155,
      448,
      256,
      250,
      307,
      38,
      75,
      557,
      405,
      174
    ],
    [
      155,
      448,
      256,
      250,
      307,
      38,
      75,
      557,
      405,
      174
    ],
    [
      155,
      448,
      256,
      250,
      307,
      38,
      75,
      557,
      405,
      174
    ],
    [
      155,
      448,
      256,
      250,
      307,
      38,
      75,
      557,
      405,
      174
    ],
    [
      0,
      201,
      494,
      256,
      307,
      38,
      363,
      443,
      75,
      557
    ],
    [
      155,
      448,
      256,
      250,
      307,
      38,
      75,
      557,
      405,
      174
    ],
    [
      155,
      448,
      256,
      250,
      307,
      38,
      75,
      557,
      405,
      174
    ],
    [
      155,
      448,
      256,
      250,
      307,
      38,
      75,
      557,
      405,
      174
    ],
    [
      155,
      448,
      256,
      250,
      307,
      38,
      75,
      557,
      405,
      174
    ],
    [
      155,
      448,
      304,
      250,
      307,
      38,
      75,
      557,
      405,
      174
    ],
    [
      155,
      448,
      256,
      250,
      307,
      38,
      75,
      557,
      405,
      174
    ],
    [
      155,
      448,
      256,
      250,
      307,
      38,
      75,
      557,
      405,
      174
    ],
    [
      155,
      448,
      256,
      250,
      307,
      38,
      75,
      557,
      405,
      174
    ],
    [
      155,
      448,
      256,
      250,
      307,
      38,
      75,
      557,
      405,
      174
    ],
    [
      0,
      201,
      494,
      256,
      307,
      38,
      363,
      443,
      75,
      568
    ],
    [
      155,
      448,
      256,
      250,
      307,
      38,
      75,
      557,
      405,
      174
    ],
    [
      155,
      448,
      256,
      250,
      307,
      38,
      75,
      557,
      405,
      174
    ],
    [
      155,
      448,
      256,
      250,
      307,
      38,
      75,
      557,
      405,
      174
    ],
    [
      155,
      448,
      256,
      250,
      307,
      38,
      75,
      557,
      405,
      174
    ],
    [
      155,
      448,
      256,
      250,
      307,
      38,
      75,
      557,
      405,
      174
    ],
    [
      155,
      448,
      256,
      250,
      307,
      38,
      75,
      557,
      405,
      174
    ],
    [
      155,
      448,
      256,
      250,
      307,
      38,
      75,
      557,
      405,
      174
    ],
    [
      155,
      448,
      304,
      250,
      307,
      38,
      75,
      568,
      405,
      174
    ],
    [
      155,
      448,
      256,
      250,
      307,
      38,
      75,
      557,
      405,
      174
    ],
    [
      155,
      448,
      256,
      250,
      307,
      38,
      75,
      557,
      405,
      174
    ],
    [
      155,
      448,
      256,
      250,
      307,
      38,
      75,
      557,
      405,
      174
    ],
    [
      0,
      201,
      494,
      256,
      307,
      38,
      363,
      443,
      75,
      568
    ],
    [
      155,
      448,
      256,
      250,
      307,
      38,
      75,
      557,
      405,
      174
    ],
    [
      155,
      448,
      304,
      250,
      307,
      38,
      75,
      557,
      405,
      174
    ],
    [
      155,
      448,
      256,
      250,
      307,
      38,
      75,
      557,
      405,
      174
    ],
    [
      155,
      448,
      256,
      250,
      307,
      38,
      75,
      557,
      405,
      174
    ],
    [
      155,
      448,
      256,
      250,
      307,
      38,
      75,
      557,
      405,
      174
    ],
    [
      155,
      448,
      256,
      250,
      307,
      38,
      75,
      557,
      405,
      174
    ],
    [
      155,
      448,
      256,
      250,
      307,
      38,
      75,
      557,
      405,
      174
    ],
    [
      155,
      448,
      256,
      250,
      307,
      38,
      75,
      557,
      405,
      174
    ],
    [
      155,
      448,
      256,
      250,
      307,
      38,
      75,
      557,
      405,
      174
    ],
    [
      155,
      448,
      304,
      250,
      307,
      38,
      75,
      568,
      405,
      174
    ],
    [
      155,
      448,
      256,
      250,
      307,
      38,
      75,
      557,
      405,
      174
    ],
    [
      155,
      448,
      256,
      250,
      307,
      38,
      75,
      557,
      405,
      174
    ],
    [
      155,
      448,
      256,
      250,
      307,
      38,
      75,
      557,
      405,
      174
    ],
    [
      0,
      201,
      494,
      256,
      307,
      38,
      363,
      502,
      75,
      404
    ],
    [
      155,
      448,
      256,
      250,
      307,
      38,
      75,
      557,
      405,
      174
    ],
    [
      155,
      448,
      304,
      250,
      307,
      38,
      75,
      568,
      405,
      174
    ],
    [
      155,
      448,
      256,
      250,
      307,
      38,
      75,
      557,
      405,
      174
    ],
    [
      155,
      448,
      256,
      250,
      307,
      38,
      75,
      557,
      405,
      174
    ],
    [
      155,
      448,
      256,
      250,
      307,
      38,
      75,
      557,
      405,
      174
    ],
    [
      0,
      201,
      494,
      256,
      307,
      38,
      363,
      443,
      75,
      568
    ],
    [
      155,
      448,
      256,
      250,
      307,
      38,
      75,
      557,
      405,
      174
    ],
    [
      155,
      448,
      256,
      250,
      307,
      38,
      75,
      557,
      405,
      174
    ],
    [
      155,
      448,
      304,
      250,
      307,
      38,
      75,
      557,
      405,
      174
    ],
    [
      155,
      448,
      256,
      250,
      307,
      38,
      75,
      557,
      405,
      174
    ],
    [
      0,
      201,
      494,
      256,
      307,
      38,
      363,
      443,
      75,
      557
    ],
    [
      155,
      448,
      256,
      250,
      307,
      38,
      75,
      557,
      405,
      174
    ],
    [
      155,
      448,
      304,
      250,
      307,
      38,
      75,
      568,
      405,
      174
    ],
    [
      0,
      201,
      494,
      256,
      307,
      38,
      363,
      443,
      75,
      557
    ],
    [
      155,
      448,
      256,
