{
  "n_omega": 64,
  "demand_summaries_std_mean": 0.0007545249037860708,
  "demand_summaries_std_max": 0.010560813028254278,
  "pairwise_l2_mean": 0.060074333621617904,
  "pairwise_l2_max": 0.1627046838552032,
  "total_mass": {
    "mean": 466926.125,
    "std": 5477.39982365036,
    "min": 454985.0,
    "max": 479692.0
  },
  "nonzero_ratio": {
    "mean": 0.17397961908152365,
    "std": 0.010418831723691584,
    "min": 0.13967960128159487,
    "max": 0.18334282662869347
  },
  "thresholds": {
    "std_mean_min": 0.01,
    "std_max_min": 0.05
  },
  "scenario_diversity_verdict": "FAIL"
}