{
  "profile": "pilot",
  "max_steps": 20,
  "final_val_loss_ema": 1.2783446510632832,
  "best_val_loss_ema": 1.2783446510632832,
  "train_loss_last": 0.1524355113506317,
  "eval_history": [
    {
      "step": 10.0,
      "val_loss_ema": 1.3018241624037425
    },
    {
      "step": 20.0,
      "val_loss_ema": 1.2783446510632832
    }
  ],
  "final_sample_diag": {
    "real_nonzero_ratio": 0.0026415094339622643,
    "gen_nonzero_ratio": 0.7787637949448202,
    "real_row_sum_mean": 1.5723270440251573,
    "real_row_sum_std": 3.3485594753130594,
    "gen_row_sum_mean": 6772.889150943396,
    "gen_row_sum_std": 990.5342257262635,
    "real_col_sum_mean": 1.5723270440251573,
    "real_col_sum_std": 4.377611162555039,
    "gen_col_sum_mean": 6772.889150943396,
    "gen_col_sum_std": 407.86556062344283,
    "row_sum_ks_stat": 1.0,
    "col_sum_ks_stat": 1.0,
    "gen_min": 0.0,
    "gen_max": 44.0,
    "gen_mean": 12.779036133855465,
    "gen_cont_nonzero_ratio": 0.8104263082947668,
    "gen_cont_min": 0.0,
    "gen_cont_max": 43.600241716059614,
    "gen_cont_mean": 12.786732544079415
  },
  "wall_time_s": 12.820724725723267
}