{
  "after": {
    "test": {
      "col_sum_ks_stat_mean": 0.9694575471698114,
      "col_sum_ks_stat_std": 0.0019508105650436407,
      "entropy_mean": 10.677191245928327,
      "entropy_std": 0.019409763381816183,
      "gen_max_mean": 85.58333333333333,
      "gen_max_std": 7.21928359018785,
      "gen_mean_mean": 0.7233404533048535,
      "gen_mean_std": 0.026863068391236734,
      "n_samples": 48,
      "nonzero_ratio_x_real_mean": 2.829067612474438,
      "nonzero_ratio_x_real_std": 0.06605199617949567,
      "real_entropy": 9.313188099814191,
      "real_nonzero_ratio": 0.06499110003559985,
      "real_total_mass": 37710.0,
      "row_sum_ks_stat_mean": 0.9711084905660377,
      "row_sum_ks_stat_std": 0.0026447714023591744,
      "scale": 2.0,
      "tau": 0.9999999999999999,
      "top20_pair_overlap_against_top50_mean": 0.0,
      "top20_pair_overlap_against_top50_std": 0.0,
      "top20_pair_overlap_mean": 0.0,
      "top20_pair_overlap_std": 0.0,
      "total_mass_ratio_mean": 5.388128701493858,
      "total_mass_ratio_std": 0.20010172132321402
    },
    "train": {
      "col_sum_ks_stat_mean": 0.5467374213836478,
      "col_sum_ks_stat_std": 0.015655070250120657,
      "entropy_mean": 10.677191245928327,
      "entropy_std": 0.019409763381816183,
      "gen_max_mean": 85.58333333333333,
      "gen_max_std": 7.21928359018785,
      "gen_mean_mean": 0.7233404533048535,
      "gen_mean_std": 0.026863068391236734,
      "n_samples": 48,
      "nonzero_ratio_x_real_mean": 1.002843795913348,
      "nonzero_ratio_x_real_std": 0.02341401608226779,
      "real_entropy": 9.90450468330183,
      "real_nonzero_ratio": 0.18334282662869347,
      "real_total_mass": 212392.0,
      "row_sum_ks_stat_mean": 0.54437893081761,
      "row_sum_ks_stat_std": 0.014801550994770681,
      "scale": 2.0,
      "tau": 0.9999999999999999,
      "top20_pair_overlap_against_top50_mean": 0.0,
      "top20_pair_overlap_against_top50_std": 0.0,
      "top20_pair_overlap_mean": 0.0,
      "top20_pair_overlap_std": 0.0,
      "total_mass_ratio_mean": 0.956657187339134,
      "total_mass_ratio_std": 0.035527872570993255
    },
    "val": {
      "col_sum_ks_stat_mean": 0.968632075471698,
      "col_sum_ks_stat_std": 0.0033932770212118293,
      "entropy_mean": 10.677191245928327,
      "entropy_std": 0.019409763381816183,
      "gen_max_mean": 85.58333333333333,
      "gen_max_std": 7.21928359018785,
      "gen_mean_mean": 0.7233404533048535,
      "gen_mean_std": 0.026863068391236734,
      "n_samples": 48,
      "nonzero_ratio_x_real_mean": 2.6908126671529295,
      "nonzero_ratio_x_real_std": 0.06282407222324021,
      "real_entropy": 9.375902216784676,
      "real_nonzero_ratio": 0.06833036667853329,
      "real_total_mass": 40000.0,
      "row_sum_ks_stat_mean": 0.9698506289308177,
      "row_sum_ks_stat_std": 0.0021612348732533444,
      "scale": 2.0,
      "tau": 0.9999999999999999,
      "top20_pair_overlap_against_top50_mean": 0.0,
      "top20_pair_overlap_against_top50_std": 0.0,
      "top20_pair_overlap_mean": 0.0,
      "top20_pair_overlap_std": 0.0,
      "total_mass_ratio_mean": 5.079658333333334,
      "total_mass_ratio_std": 0.18864589777746005
    }
  },
  "before": {
    "test": {
      "col_sum_ks_stat_mean": 0.9658018867924527,
      "col_sum_ks_stat_std": 0.0015703604053017434,
      "entropy_mean": 11.396116535777692,
      "entropy_std": 0.012295894873774981,
      "gen_max_mean": 42.75,
      "gen_max_std": 3.5794552658190883,
      "gen_mean_mean": 0.5496552747122345,
      "gen_mean_std": 0.012031387049925348,
      "n_samples": 48,
      "nonzero_ratio_x_real_mean": 5.8313693671487,
      "nonzero_ratio_x_real_std": 0.06768015523640177,
      "real_entropy": 9.313188099814191,
      "real_nonzero_ratio": 0.06499110003559985,
      "real_total_mass": 37710.0,
      "row_sum_ks_stat_mean": 0.9611242138364781,
      "row_sum_ks_stat_std": 0.003146373350772291,
      "scale": 1.0,
      "tau": 0.0,
      "top20_pair_overlap_against_top50_mean": 0.0,
      "top20_pair_overlap_against_top50_std": 0.0,
      "top20_pair_overlap_mean": 0.0,
      "top20_pair_overlap_std": 0.0,
      "total_mass_ratio_mean": 4.094356050561301,
      "total_mass_ratio_std": 0.08962123103484566
    },
    "train": {
      "col_sum_ks_stat_mean": 0.47959905660377355,
      "col_sum_ks_stat_std": 0.00910313200398362,
      "entropy_mean": 11.396116535777692,
      "entropy_std": 0.012295894873774981,
      "gen_max_mean": 42.75,
      "gen_max_std": 3.5794552658190883,
      "gen_mean_mean": 0.5496552747122345,
      "gen_mean_std": 0.012031387049925348,
      "n_samples": 48,
      "nonzero_ratio_x_real_mean": 2.0670953800249836,
      "nonzero_ratio_x_real_std": 0.023991163550139822,
      "real_entropy": 9.90450468330183,
      "real_nonzero_ratio": 0.18334282662869347,
      "real_total_mass": 212392.0,
      "row_sum_ks_stat_mean": 0.4953616352201258,
      "row_sum_ks_stat_std": 0.00510885326757231,
      "scale": 1.0,
      "tau": 0.0,
      "top20_pair_overlap_against_top50_mean": 0.0,
      "top20_pair_overlap_against_top50_std": 0.0,
      "top20_pair_overlap_mean": 0.0,
      "top20_pair_overlap_std": 0.0,
      "total_mass_ratio_mean": 0.7269490690170377,
      "total_mass_ratio_std": 0.015912165346736364
    },
    "val": {
      "col_sum_ks_stat_mean": 0.9540094339622641,
      "col_sum_ks_stat_std": 0.004583407499103272,
      "entropy_mean": 11.396116535777692,
      "entropy_std": 0.012295894873774981,
      "gen_max_mean": 42.75,
      "gen_max_std": 3.5794552658190883,
      "gen_mean_mean": 0.5496552747122345,
      "gen_mean_std": 0.012031387049925348,
      "n_samples": 48,
      "nonzero_ratio_x_real_mean": 5.5463936212705365,
      "nonzero_ratio_x_real_std": 0.06437266406146457,
      "real_entropy": 9.375902216784676,
      "real_nonzero_ratio": 0.06833036667853329,
      "real_total_mass": 40000.0,
      "row_sum_ks_stat_mean": 0.9608490566037736,
      "row_sum_ks_stat_std": 0.0035403554242760065,
      "scale": 1.0,
      "tau": 0.0,
      "top20_pair_overlap_against_top50_mean": 0.0,
      "top20_pair_overlap_against_top50_std": 0.0,
      "top20_pair_overlap_mean": 0.0,
      "top20_pair_overlap_std": 0.0,
      "total_mass_ratio_mean": 3.859954166666667,
      "total_mass_ratio_std": 0.08449041555810076
    }
  },
  "best_scale": 2.0,
  "best_tau": 0.9999999999999999,
  "best_train_objective": 0.04618660857421408,
  "ckpt": "models/diffusion_od_pilot_zpin_weighted/best.pt",
  "ckpt_step": 1000,
  "ckpt_val_loss": 0.06011569251616796,
  "config": "configs/diffusion_12km_zpin_weighted.yaml",
  "failed_diffusion_baseline": {
    "col_sum_ks_stat": 1.0,
    "nonzero_ratio_x_real": 143.0,
    "row_sum_ks_stat": 1.0,
    "total_mass_ratio": 181.0
  },
  "guidance_scale": 1.0,
  "lambda_mass": 1.0,
  "n_samples": 48,
  "num_inference_steps": 50,
  "profile": "pilot",
  "real_test_agg": {
    "n_slots": 48,
    "nonzero_ratio": 0.06499110003559985,
    "total_mass": 37710
  },
  "real_train_agg": {
    "n_slots": 240,
    "nonzero_ratio": 0.18334282662869347,
    "total_mass": 212392
  },
  "real_val_agg": {
    "n_slots": 48,
    "nonzero_ratio": 0.06833036667853329,
    "total_mass": 40000
  },
  "samples_cont": {
    "dtype": "float64",
    "max": 45.23183266147748,
    "mean": 0.5898037055172842,
    "min": 0.0,
    "shape": [
      48,
      530,
      530
    ],
    "wall_s": 26.557082176208496
  },
  "seed": 42,
  "test_acceptance_verdict": "mild",
  "test_untouched_for_fitting": true
}